Filename,y_true,y_pred,confidence
20161207-143344-0.jpg,7,8,0.75566126
20170130-102525-0.jpg,1,8,0.66034083
20170130-102736-0.jpg,1,8,0.93791138
20170207-153439-0.jpg,0,7,0.85272417
20170207-153455-0.jpg,0,7,0.71015947
20170207-154046-0.jpg,0,7,0.51785557
20170210-141430-0.jpg,7,8,0.70107632
20170405-154714-0.jpg,0,7,0.58302048
20170405-160310-0.jpg,8,0,0.97086576
20170410-124336-0.jpg,0,7,0.5742969
20170521-153419-0.jpg,1,7,0.992946
20170521-153505-0.jpg,1,7,0.81820231
20170630-155109-0.jpg,7,8,0.95830761
20170630-155129-0.jpg,7,8,0.99151423
20170704-153756-0.jpg,7,8,0.74492361
20170704-153838-0.jpg,7,8,0.81331507
20170706-110411-0.jpg,7,8,0.64902365
20170706-113305-0.jpg,7,8,0.99481444
20170707-111904-0.jpg,0,7,0.81382831
20170714-143549-1.jpg,1,8,0.80929723
20170718-100509-2.jpg,0,8,0.6866316
20170718-101135-2.jpg,0,8,0.95093217
20170718-101808-2.jpg,0,5,0.93897623
20170727-143021-1.jpg,4,8,0.62376248
20170727-152712-1.jpg,8,4,0.85720626
20170727-154716-1.jpg,4,8,0.92046368
20170728-152608-1.jpg,8,4,0.97310824
20170728-152828-1.jpg,8,4,0.73930163
20170728-153202-3.jpg,8,4,0.68959477
20170729-091822-2.jpg,8,4,0.9898012
20170804-132513-1.jpg,1,8,0.98645471
20170811-131322-1.jpg,0,7,0.52508675
20170811-133725-1.jpg,0,8,0.71888197
20170811-163711-1.jpg,0,8,0.85381432
20170906-104054-1.jpg,3,4,0.68362204
20170906-112804-2.jpg,3,8,0.62362355
20170906-130826-1.jpg,3,2,0.64157478
20170906-132157-1.jpg,3,2,0.92297729
20170906-132328-1.jpg,3,2,0.56147544
20170920-110749-2.jpg,4,3,0.52832765
20171102-093339-2.jpg,4,3,0.37755543
20171102-093459-1.jpg,4,2,0.4398508
20171102-095632-3.jpg,4,0,0.5274487
20171102-100322-1.jpg,8,4,0.96264576
20171102-100343-2.jpg,8,4,0.9239009
20171102-123002-2.jpg,2,8,0.81382869
20171113-060629-1.jpg,5,8,0.99845285
20171113-101034-1.jpg,5,8,0.55622959
20171113-101436-1.jpg,5,8,0.75701069
20171113-101506-1.jpg,5,8,0.99640029
20171113-101809-1.jpg,5,8,0.99619206
20171113-135825-1.jpg,6,8,0.89457049
20171113-150301-1.jpg,6,8,0.49997019
20171205-144647-2.jpg,8,5,0.870789
20171219-114325-3.jpg,8,2,0.81942015
20171220-100855-2.jpg,8,7,0.74640518
20180109-070954-2.jpg,8,6,0.82523825
20180109-072752-2.jpg,8,6,0.9225929
20180109-075356-2.jpg,8,6,0.74587393
20180109-085343-2.jpg,8,7,0.87333994
20180109-094515-2.jpg,7,8,0.58957394
20180119-113900-2.jpg,8,1,0.70796614
